source_region,source_area,review_type,review_status,evidence_reference,review_notes
Outer Eastern Melbourne,Yarra Ranges,broader_area_review,pending,,
Inner Eastern Melbourne,Bulleen-Templestowe-Doncaster,hyphenated_label_review,pending,,
Inner Eastern Melbourne,Burwood-Ashburton,hyphenated_label_review,pending,,
Inner Eastern Melbourne,Camberwell-Glen Iris,hyphenated_label_review,pending,,
Inner Eastern Melbourne,Canterbury-Surrey Hills-Mont Albert,hyphenated_label_review,pending,,
Inner Eastern Melbourne,Chadstone-Oakleigh,hyphenated_label_review,pending,,
Inner Eastern Melbourne,Doncaster East-Donvale,hyphenated_label_review,pending,,
Inner Eastern Melbourne,Glen Waverley-Mulgrave,hyphenated_label_review,pending,,
Inner Eastern Melbourne,Nunawading-Mitcham,hyphenated_label_review,pending,,
Inner Eastern Melbourne,Vermont-Forest Hill-Burwood East,hyphenated_label_review,pending,,
Inner Melbourne,Albert Park-Middle Park-West St Kilda,hyphenated_label_review,pending,,
Inner Melbourne,CBD-St Kilda Rd,hyphenated_label_review,pending,,
Inner Melbourne,Carlton-Parkville,hyphenated_label_review,pending,,
Inner Melbourne,Collingwood-Abbotsford,hyphenated_label_review,pending,,
Inner Melbourne,Fitzroy North-Clifton Hill,hyphenated_label_review,pending,,
Inner Melbourne,Flemington-Kensington,hyphenated_label_review,pending,,
Inner Melbourne,North Melbourne-West Melbourne,hyphenated_label_review,pending,,
Inner Melbourne,Prahran-Windsor,hyphenated_label_review,pending,,
Inner Melbourne,Richmond-Burnley,hyphenated_label_review,pending,,
Mornington Peninsula,Dromana-Portsea,hyphenated_label_review,pending,,
Mornington Peninsula,Hastings-Flinders,hyphenated_label_review,pending,,
Mornington Peninsula,Mt Eliza-Mornington-Mt Martha,hyphenated_label_review,pending,,
Mornington Peninsula,Seaford-Carrum Downs,hyphenated_label_review,pending,,
North Eastern Melbourne,Bundoora-Greensborough-Hurstbridge,hyphenated_label_review,pending,,
North Eastern Melbourne,Eltham-Research-Montmorency,hyphenated_label_review,pending,,
North Eastern Melbourne,Fairfield-Alphington,hyphenated_label_review,pending,,
North Eastern Melbourne,Heidelberg-Heidelberg West,hyphenated_label_review,pending,,
North Eastern Melbourne,Ivanhoe-Ivanhoe East,hyphenated_label_review,pending,,
North Eastern Melbourne,Mill Park-Epping,hyphenated_label_review,pending,,
North Eastern Melbourne,Thomastown-Lalor,hyphenated_label_review,pending,,
North Western Melbourne,Broadmeadows-Roxburgh Park,hyphenated_label_review,pending,,
North Western Melbourne,Coburg-Pascoe Vale South,hyphenated_label_review,pending,,
North Western Melbourne,Gladstone Park-Tullamarine,hyphenated_label_review,pending,,
North Western Melbourne,Moonee Ponds-Ascot Vale,hyphenated_label_review,pending,,
North Western Melbourne,Oak Park-Glenroy-Fawkner,hyphenated_label_review,pending,,
North Western Melbourne,Pascoe Vale-Coburg North,hyphenated_label_review,pending,,
Outer Eastern Melbourne,Croydon-Lilydale,hyphenated_label_review,pending,,
Outer Eastern Melbourne,Wantirna-Scoresby,hyphenated_label_review,pending,,
Outer Western Melbourne,Keilor East-Avondale Heights,hyphenated_label_review,pending,,
Outer Western Melbourne,Newport-Spotswood,hyphenated_label_review,pending,,
Outer Western Melbourne,St Albans-Deer Park,hyphenated_label_review,pending,,
Outer Western Melbourne,Werribee-Hoppers Crossing,hyphenated_label_review,pending,,
Outer Western Melbourne,Yarraville-Seddon,hyphenated_label_review,pending,,
South Eastern Melbourne,Dandenong North-Endeavour Hills,hyphenated_label_review,pending,,
South Eastern Melbourne,Narre Warren-Hampton Park,hyphenated_label_review,pending,,
Southern Melbourne,Aspendale-Chelsea-Carrum,hyphenated_label_review,pending,,
Southern Melbourne,Hampton-Beaumaris,hyphenated_label_review,pending,,
Southern Melbourne,Mentone-Parkdale-Mordialloc,hyphenated_label_review,pending,,
Southern Melbourne,Murrumbeena-Hughesdale,hyphenated_label_review,pending,,
